file,site_id,year,rows,flatline_points,flatline_events,flatline_checked_points,spike_points,spike_events,spike_checked_points,unit_inconsistent_points,unit_checked_points,pm25_gt_pm10_points,pm25_pm10_checked_points,invalid_timestamps,duplicate_timestamps,gap_events,missing_hour_slots
Raw_data_1Hr_2009_site_113_Shadipur_Delhi_CPCB_1Hr.csv,113,2009,8760,2386,127,30333,1815,952,29744,2039,5666,0,0,0,0,0,0
Raw_data_1Hr_2009_site_114_IHBAS_Dilshad_Garden_Delhi_CPCB_1Hr.csv,114,2009,8760,2936,145,28771,1854,871,28310,2744,6638,0,0,0,0,0,0
Raw_data_1Hr_2009_site_115_NSIT_Dwarka_Delhi_CPCB_1Hr.csv,115,2009,8760,3522,334,24809,1428,775,24573,272,3426,0,0,0,0,0,0
Raw_data_1Hr_2009_site_117_ITO_Delhi_CPCB_1Hr.csv,117,2009,8760,4856,335,35244,1142,754,34865,6,5398,0,0,0,0,0,0
Raw_data_1Hr_2009_site_118_DTU_Delhi_CPCB_1Hr.csv,118,2009,8760,8638,579,30584,1733,988,30454,33,5729,0,0,0,0,0,0
Raw_data_1Hr_2009_site_119_Sirifort_Delhi_CPCB_1Hr.csv,119,2009,8760,5485,397,28211,2240,1079,27993,1,5569,0,0,0,0,0,0
Raw_data_1Hr_2009_site_122_Mandir_Marg_Delhi_DPCC_1Hr.csv,122,2009,0,0,0,0,0,0,0,0,0,0,0,0,0,0,0
Raw_data_1Hr_2009_site_124_R_K_Puram_Delhi_DPCC_1Hr.csv,124,2009,0,0,0,0,0,0,0,0,0,0,0,0,0,0,0
Raw_data_1Hr_2009_site_125_Punjabi_Bagh_Delhi_DPCC_1Hr.csv,125,2009,0,0,0,0,0,0,0,0,0,0,0,0,0,0,0
Raw_data_1Hr_2009_site_301_Anand_Vihar_Delhi_DPCC_1Hr.csv,301,2009,0,0,0,0,0,0,0,0,0,0,0,0,0,0,0
Raw_data_1Hr_2010_site_113_Shadipur_Delhi_CPCB_1Hr.csv,113,2010,8760,1137,137,31654,1458,917,30696,399,5945,0,0,0,0,0,0
Raw_data_1Hr_2010_site_114_IHBAS_Dilshad_Garden_Delhi_CPCB_1Hr.csv,114,2010,8760,1219,146,31583,1039,649,30943,557,6372,0,0,0,0,0,0
Raw_data_1Hr_2010_site_115_NSIT_Dwarka_Delhi_CPCB_1Hr.csv,115,2010,8760,4257,442,42207,2238,1224,41248,628,8094,0,0,0,0,0,0
Raw_data_1Hr_2010_site_117_ITO_Delhi_CPCB_1Hr.csv,117,2010,8760,2517,193,41532,1877,1166,41087,2,6983,0,0,0,0,0,0
Raw_data_1Hr_2010_site_118_DTU_Delhi_CPCB_1Hr.csv,118,2010,8760,2206,209,29208,1312,872,28765,6,5884,0,0,0,0,0,0
Raw_data_1Hr_2010_site_119_Sirifort_Delhi_CPCB_1Hr.csv,119,2010,8760,1501,162,19298,1002,650,19040,13,3787,0,0,0,0,0,0
Raw_data_1Hr_2010_site_122_Mandir_Marg_Delhi_DPCC_1Hr.csv,122,2010,0,0,0,0,0,0,0,0,0,0,0,0,0,0,0
Raw_data_1Hr_2010_site_124_R_K_Puram_Delhi_DPCC_1Hr.csv,124,2010,0,0,0,0,0,0,0,0,0,0,0,0,0,0,0
Raw_data_1Hr_2010_site_125_Punjabi_Bagh_Delhi_DPCC_1Hr.csv,125,2010,0,0,0,0,0,0,0,0,0,0,0,0,0,0,0
Raw_data_1Hr_2010_site_301_Anand_Vihar_Delhi_DPCC_1Hr.csv,301,2010,0,0,0,0,0,0,0,0,0,0,0,0,0,0,0
Raw_data_1Hr_2011_site_113_Shadipur_Delhi_CPCB_1Hr.csv,113,2011,8760,3635,356,42513,2583,1264,41731,25,8348,0,0,0,0,0,0
Raw_data_1Hr_2011_site_114_IHBAS_Dilshad_Garden_Delhi_CPCB_1Hr.csv,114,2011,8760,3653,312,32634,1882,954,31922,18,6382,0,0,0,0,0,0
Raw_data_1Hr_2011_site_115_NSIT_Dwarka_Delhi_CPCB_1Hr.csv,115,2011,8760,4830,397,40105,2850,1239,39426,4,7612,0,0,0,0,0,0
Raw_data_1Hr_2011_site_117_ITO_Delhi_CPCB_1Hr.csv,117,2011,8760,2816,273,42997,1634,1096,42427,29,6474,0,0,0,0,0,0
Raw_data_1Hr_2011_site_118_DTU_Delhi_CPCB_1Hr.csv,118,2011,8760,2645,257,29546,1107,715,28984,19,5248,0,0,0,0,0,0
Raw_data_1Hr_2011_site_119_Sirifort_Delhi_CPCB_1Hr.csv,119,2011,8760,8508,338,14575,575,297,14551,0,2671,0,0,0,0,0,0
Raw_data_1Hr_2011_site_122_Mandir_Marg_Delhi_DPCC_1Hr.csv,122,2011,5880,3440,137,21150,835,445,20825,1996,2628,0,0,0,0,0,0
Raw_data_1Hr_2011_site_124_R_K_Puram_Delhi_DPCC_1Hr.csv,124,2011,5880,2988,184,20481,1021,560,20036,1877,2477,0,0,0,0,0,0
Raw_data_1Hr_2011_site_125_Punjabi_Bagh_Delhi_DPCC_1Hr.csv,125,2011,5880,2608,169,21495,690,455,21155,2125,2612,0,0,0,0,0,0
Raw_data_1Hr_2011_site_301_Anand_Vihar_Delhi_DPCC_1Hr.csv,301,2011,0,0,0,0,0,0,0,0,0,0,0,0,0,0,0
Raw_data_1Hr_2012_site_113_Shadipur_Delhi_CPCB_1Hr.csv,113,2012,8784,1074,64,31090,1079,634,30062,138,5644,0,0,0,0,0,0
Raw_data_1Hr_2012_site_114_IHBAS_Dilshad_Garden_Delhi_CPCB_1Hr.csv,114,2012,8784,1392,143,35281,1327,848,33653,225,5147,0,0,0,0,0,0
Raw_data_1Hr_2012_site_115_NSIT_Dwarka_Delhi_CPCB_1Hr.csv,115,2012,8784,402,50,23398,935,575,22448,26,3039,0,0,0,0,0,0
Raw_data_1Hr_2012_site_117_ITO_Delhi_CPCB_1Hr.csv,117,2012,8784,1880,132,31979,1022,775,31632,3,5200,0,0,0,0,0,0
Raw_data_1Hr_2012_site_118_DTU_Delhi_CPCB_1Hr.csv,118,2012,8784,6074,304,29225,1230,797,28724,2,4892,0,0,0,0,0,0
Raw_data_1Hr_2012_site_119_Sirifort_Delhi_CPCB_1Hr.csv,119,2012,8784,0,0,0,0,0,0,0,0,0,0,0,0,0,0
Raw_data_1Hr_2012_site_122_Mandir_Marg_Delhi_DPCC_1Hr.csv,122,2012,8784,4894,408,47013,1363,862,46461,3790,5826,0,0,0,0,0,0
Raw_data_1Hr_2012_site_124_R_K_Puram_Delhi_DPCC_1Hr.csv,124,2012,8784,4412,346,45026,1746,1136,44077,3436,5265,0,0,0,0,0,0
Raw_data_1Hr_2012_site_125_Punjabi_Bagh_Delhi_DPCC_1Hr.csv,125,2012,8784,5392,352,46164,1025,626,45478,3543,5509,0,0,0,0,0,0
Raw_data_1Hr_2012_site_301_Anand_Vihar_Delhi_DPCC_1Hr.csv,301,2012,2928,1162,98,17582,333,222,17182,1544,1836,0,0,0,0,0,0
Raw_data_1Hr_2013_site_113_Shadipur_Delhi_CPCB_1Hr.csv,113,2013,8760,3692,289,39682,2071,1062,38796,1974,7167,0,0,0,0,0,0
Raw_data_1Hr_2013_site_114_IHBAS_Dilshad_Garden_Delhi_CPCB_1Hr.csv,114,2013,8760,3333,340,45551,2027,1191,44486,177,7883,0,0,0,0,0,0
Raw_data_1Hr_2013_site_115_NSIT_Dwarka_Delhi_CPCB_1Hr.csv,115,2013,8760,874,119,37900,1735,923,36947,549,7016,0,0,0,0,0,0
Raw_data_1Hr_2013_site_117_ITO_Delhi_CPCB_1Hr.csv,117,2013,8760,2541,276,29242,1546,888,29093,2,4794,0,0,0,0,0,0
Raw_data_1Hr_2013_site_118_DTU_Delhi_CPCB_1Hr.csv,118,2013,8760,3496,302,16662,617,378,16440,0,3123,0,0,0,0,0,0
Raw_data_1Hr_2013_site_119_Sirifort_Delhi_CPCB_1Hr.csv,119,2013,8760,0,0,0,0,0,0,0,0,0,0,0,0,0,0
Raw_data_1Hr_2013_site_122_Mandir_Marg_Delhi_DPCC_1Hr.csv,122,2013,8760,781,80,9677,235,144,9522,1069,1190,0,0,0,0,0,0
Raw_data_1Hr_2013_site_124_R_K_Puram_Delhi_DPCC_1Hr.csv,124,2013,8760,1083,85,12858,309,226,12505,721,1485,0,25,0,0,0,0
Raw_data_1Hr_2013_site_125_Punjabi_Bagh_Delhi_DPCC_1Hr.csv,125,2013,8760,696,75,12130,254,159,11755,1086,1514,0,0,0,0,0,0
Raw_data_1Hr_2013_site_301_Anand_Vihar_Delhi_DPCC_1Hr.csv,301,2013,8760,833,81,12333,196,127,12079,1176,1346,0,0,0,0,0,0
Raw_data_1Hr_2014_site_113_Shadipur_Delhi_CPCB_1Hr.csv,113,2014,8760,2520,284,39002,2072,1185,38518,1537,7196,0,0,0,0,0,0
Raw_data_1Hr_2014_site_114_IHBAS_Dilshad_Garden_Delhi_CPCB_1Hr.csv,114,2014,8760,4253,412,47167,1514,896,46393,36,7776,0,0,0,0,0,0
Raw_data_1Hr_2014_site_115_NSIT_Dwarka_Delhi_CPCB_1Hr.csv,115,2014,8760,2248,220,39558,2117,1104,39173,13,7846,0,0,0,0,0,0
Raw_data_1Hr_2014_site_117_ITO_Delhi_CPCB_1Hr.csv,117,2014,7344,2519,220,29882,889,619,29508,0,4464,0,0,0,0,0,0
Raw_data_1Hr_2014_site_118_DTU_Delhi_CPCB_1Hr.csv,118,2014,8760,1876,169,22823,1215,659,22180,15,3896,0,0,0,0,0,0
Raw_data_1Hr_2014_site_119_Sirifort_Delhi_CPCB_1Hr.csv,119,2014,8760,0,0,0,0,0,0,0,0,0,0,0,0,0,0
Raw_data_1Hr_2014_site_122_Mandir_Marg_Delhi_DPCC_1Hr.csv,122,2014,8760,0,0,0,0,0,0,0,0,0,0,0,0,0,0
Raw_data_1Hr_2014_site_124_R_K_Puram_Delhi_DPCC_1Hr.csv,124,2014,8760,0,0,0,0,0,0,0,0,0,0,0,0,0,0
Raw_data_1Hr_2014_site_125_Punjabi_Bagh_Delhi_DPCC_1Hr.csv,125,2014,8760,0,0,0,0,0,0,0,0,0,0,0,0,0,0
Raw_data_1Hr_2014_site_301_Anand_Vihar_Delhi_DPCC_1Hr.csv,301,2014,8760,0,0,0,0,0,0,0,0,0,0,0,0,0,0
Raw_data_1Hr_2015_site_113_Shadipur_Delhi_CPCB_1Hr.csv,113,2015,8760,1575,167,46237,1684,1051,45366,46,7196,0,0,0,0,0,0
Raw_data_1Hr_2015_site_114_IHBAS_Dilshad_Garden_Delhi_CPCB_1Hr.csv,114,2015,8760,349,30,25076,608,371,24608,122,4158,0,0,0,0,0,0
Raw_data_1Hr_2015_site_115_NSIT_Dwarka_Delhi_CPCB_1Hr.csv,115,2015,8760,2850,293,40163,1904,1013,39341,43,6762,0,0,0,0,0,0
Raw_data_1Hr_2015_site_117_ITO_Delhi_CPCB_1Hr.csv,117,2015,8760,2746,250,36284,1249,776,35974,3,6040,0,0,0,0,0,0
Raw_data_1Hr_2015_site_118_DTU_Delhi_CPCB_1Hr.csv,118,2015,8760,2715,290,10440,449,231,10373,0,2199,0,1,0,0,0,0
Raw_data_1Hr_2015_site_119_Sirifort_Delhi_CPCB_1Hr.csv,119,2015,8760,0,0,0,0,0,0,0,0,0,0,0,0,0,0
Raw_data_1Hr_2015_site_122_Mandir_Marg_Delhi_DPCC_1Hr.csv,122,2015,8760,5554,293,48197,1799,1052,47577,3758,5251,103,5359,0,0,0,0
Raw_data_1Hr_2015_site_124_R_K_Puram_Delhi_DPCC_1Hr.csv,124,2015,8760,4408,275,50338,1897,1109,49701,3744,5219,178,5611,0,0,0,0
Raw_data_1Hr_2015_site_125_Punjabi_Bagh_Delhi_DPCC_1Hr.csv,125,2015,8760,4417,300,47297,969,593,46610,3876,5261,159,5401,0,0,0,0
Raw_data_1Hr_2015_site_301_Anand_Vihar_Delhi_DPCC_1Hr.csv,301,2015,8760,3804,293,47639,940,660,46548,3935,4971,95,5121,0,0,0,0
Raw_data_1Hr_2016_site_113_Shadipur_Delhi_CPCB_1Hr.csv,113,2016,8784,2117,155,41527,1732,962,40543,29,6599,0,0,0,0,0,0
Raw_data_1Hr_2016_site_114_IHBAS_Dilshad_Garden_Delhi_CPCB_1Hr.csv,114,2016,8784,785,84,30381,1249,738,29460,116,2306,0,0,0,0,0,0
Raw_data_1Hr_2016_site_115_NSIT_Dwarka_Delhi_CPCB_1Hr.csv,115,2016,8784,2074,232,35658,1614,931,35063,0,5953,0,0,0,0,0,0
Raw_data_1Hr_2016_site_117_ITO_Delhi_CPCB_1Hr.csv,117,2016,8784,308,22,10083,170,143,9995,0,1688,142,1337,0,0,0,0
Raw_data_1Hr_2016_site_118_DTU_Delhi_CPCB_1Hr.csv,118,2016,8784,60,5,5046,321,195,4982,3,1212,0,0,0,0,0,0
Raw_data_1Hr_2016_site_119_Sirifort_Delhi_CPCB_1Hr.csv,119,2016,8784,45,5,6807,91,45,6766,2,1320,0,0,0,0,0,0
Raw_data_1Hr_2016_site_122_Mandir_Marg_Delhi_DPCC_1Hr.csv,122,2016,8784,5808,406,53362,1828,1059,52650,2239,5860,30,5878,0,0,0,0
Raw_data_1Hr_2016_site_124_R_K_Puram_Delhi_DPCC_1Hr.csv,124,2016,8784,5927,367,69743,2209,1431,68765,4525,7383,103,7165,0,0,0,0
Raw_data_1Hr_2016_site_125_Punjabi_Bagh_Delhi_DPCC_1Hr.csv,125,2016,8784,5785,347,62903,1360,900,62216,5085,6954,45,6852,0,0,0,0
Raw_data_1Hr_2016_site_301_Anand_Vihar_Delhi_DPCC_1Hr.csv,301,2016,8784,4773,380,60377,1218,863,59307,4713,6180,165,6565,0,0,0,0
Raw_data_1Hr_2017_site_103_CRRI_Mathura_Road_Delhi_IMD_1Hr.csv,103,2017,8760,5921,311,15322,954,501,15089,63,1504,70,1933,0,0,0,0
Raw_data_1Hr_2017_site_104_Burari_Crossing_Delhi_IMD_1Hr.csv,104,2017,8760,8766,251,18159,2091,847,18030,620,1955,120,2558,0,0,0,0
Raw_data_1Hr_2017_site_105_North_Campus_DU_Delhi_IMD_1Hr.csv,105,2017,8760,4811,151,13363,394,232,13101,398,1071,89,1594,0,0,0,0
Raw_data_1Hr_2017_site_106_IGI_Airport_(T3)_Delhi_IMD_1Hr.csv,106,2017,8760,4384,276,16613,481,304,16511,26,1750,122,2196,0,0,0,0
Raw_data_1Hr_2017_site_107_Pusa_Delhi_IMD_1Hr.csv,107,2017,8760,5067,157,13829,1236,477,13587,43,1338,214,1699,0,0,0,0
Raw_data_1Hr_2017_site_108_Aya_Nagar_Delhi_IMD_1Hr.csv,108,2017,8760,4847,247,14429,417,303,14114,32,1399,7,1762,0,0,0,0
Raw_data_1Hr_2017_site_109_Lodhi_Road_Delhi_IMD_1Hr.csv,109,2017,8760,5044,235,14780,1014,553,14482,58,1542,24,1929,0,0,0,0
Raw_data_1Hr_2017_site_113_Shadipur_Delhi_CPCB_1Hr.csv,113,2017,8760,5560,376,37629,1634,1020,36965,19,4318,0,0,0,0,0,0
Raw_data_1Hr_2017_site_114_IHBAS_Dilshad_Garden_Delhi_CPCB_1Hr.csv,114,2017,8760,2126,155,32185,753,498,30373,23,890,0,0,0,0,0,0
Raw_data_1Hr_2017_site_115_NSIT_Dwarka_Delhi_CPCB_1Hr.csv,115,2017,8760,6574,384,27906,1135,630,27722,27,3376,0,0,0,0,0,0
Raw_data_1Hr_2017_site_117_ITO_Delhi_CPCB_1Hr.csv,117,2017,8760,1729,75,39779,1082,745,38953,12,6443,107,4005,0,0,0,0
Raw_data_1Hr_2017_site_118_DTU_Delhi_CPCB_1Hr.csv,118,2017,8760,4485,231,28008,1416,800,27496,4,5891,0,0,0,0,0,0
Raw_data_1Hr_2017_site_119_Sirifort_Delhi_CPCB_1Hr.csv,119,2017,8760,761,30,33326,816,540,32289,0,6031,0,0,0,0,0,0
Raw_data_1Hr_2017_site_122_Mandir_Marg_Delhi_DPCC_1Hr.csv,122,2017,8760,5892,570,67928,1673,960,67285,4067,7011,149,7891,0,0,0,0
Raw_data_1Hr_2017_site_124_R_K_Puram_Delhi_DPCC_1Hr.csv,124,2017,8760,5669,434,60228,1879,1310,59542,3947,6374,56,6623,0,0,0,0
Raw_data_1Hr_2017_site_125_Punjabi_Bagh_Delhi_DPCC_1Hr.csv,125,2017,8760,4644,314,28994,1849,763,28578,2555,3162,2,3269,0,0,0,0
Raw_data_1Hr_2017_site_1420_Ashok_Vihar_Delhi_DPCC_1Hr.csv,1420,2017,8760,0,0,0,0,0,0,0,0,0,0,0,0,0,0
Raw_data_1Hr_2017_site_1421_Dr._Karni_Singh_Shooting_Range_Delhi_DPCC_1Hr.csv,1421,2017,8760,0,0,0,0,0,0,0,0,0,0,0,0,0,0
Raw_data_1Hr_2017_site_1422_Dwarka-Sector_8_Delhi_DPCC__1Hr.csv,1422,2017,8760,0,0,0,0,0,0,0,0,0,0,0,0,0,0
Raw_data_1Hr_2017_site_1423_Jahangirpuri_Delhi_DPCC_1Hr.csv,1423,2017,8760,0,0,0,0,0,0,0,0,0,0,0,0,0,0
Raw_data_1Hr_2017_site_1424_Jawaharlal_Nehru_Stadium_Delhi_DPCC_1Hr.csv,1424,2017,8760,0,0,0,0,0,0,0,0,0,0,0,0,0,0
Raw_data_1Hr_2017_site_1425_Major_Dhyan_Chand_National_Stadium_Delhi_DPCC_1Hr.csv,1425,2017,8760,0,0,0,0,0,0,0,0,0,0,0,0,0,0
Raw_data_1Hr_2017_site_1426_Narela_Delhi_DPCC_1Hr.csv,1426,2017,8760,0,0,0,0,0,0,0,0,0,0,0,0,0,0
Raw_data_1Hr_2017_site_1427_Najafgarh_Delhi_DPCC_1Hr.csv,1427,2017,8760,0,0,0,0,0,0,0,0,0,0,0,0,0,0
Raw_data_1Hr_2017_site_1428_Okhla_Phase-2_Delhi_DPCC_1Hr.csv,1428,2017,8760,0,0,0,0,0,0,0,0,0,0,0,0,0,0
Raw_data_1Hr_2017_site_1429_Nehru_Nagar_Delhi_DPCC_1Hr.csv,1429,2017,8760,0,0,0,0,0,0,0,0,0,0,0,0,0,0
Raw_data_1Hr_2017_site_1430_Rohini_Delhi_DPCC_1Hr.csv,1430,2017,8760,0,0,0,0,0,0,0,0,0,0,0,0,0,0
Raw_data_1Hr_2017_site_1431_Patparganj_Delhi_DPCC_1Hr.csv,1431,2017,8760,0,0,0,0,0,0,0,0,0,0,0,0,0,0
Raw_data_1Hr_2017_site_1432_Sonia_Vihar_Delhi_DPCC_1Hr.csv,1432,2017,8760,0,0,0,0,0,0,0,0,0,0,0,0,0,0
Raw_data_1Hr_2017_site_1434_Wazirpur_Delhi_DPCC_1Hr.csv,1434,2017,8760,0,0,0,0,0,0,0,0,0,0,0,0,0,0
Raw_data_1Hr_2017_site_1435_Vivek_Vihar_Delhi_DPCC_1Hr.csv,1435,2017,8760,0,0,0,0,0,0,0,0,0,0,0,0,0,0
Raw_data_1Hr_2017_site_1560_Bawana_Delhi_DPCC_1Hr.csv,1560,2017,8760,0,0,0,0,0,0,0,0,0,0,0,0,0,0
Raw_data_1Hr_2017_site_1561_Mundka_Delhi_DPCC_1Hr.csv,1561,2017,8760,0,0,0,0,0,0,0,0,0,0,0,0,0,0
Raw_data_1Hr_2017_site_1562_Sri_Aurobindo_Marg_Delhi_DPCC_1Hr.csv,1562,2017,8760,0,0,0,0,0,0,0,0,0,0,0,0,0,0
Raw_data_1Hr_2017_site_1563_Pusa_Delhi_DPCC_1Hr.csv,1563,2017,8760,0,0,0,0,0,0,0,0,0,0,0,0,0,0
Raw_data_1Hr_2017_site_301_Anand_Vihar_Delhi_DPCC_1Hr.csv,301,2017,8760,3044,230,37698,701,500,36841,2462,2928,42,3619,0,0,0,0
Raw_data_1Hr_2017_site_5024_Alipur_Delhi_DPCC_1Hr.csv,5024,2017,8760,0,0,0,0,0,0,0,0,0,0,0,0,0,0
Raw_data_1Hr_2017_site_5393_Chandni_Chowk_Delhi_IITM_1Hr.csv,5393,2017,8760,0,0,0,0,0,0,0,0,0,0,0,0,0,0
Raw_data_1Hr_2017_site_5395_Lodhi_Road_Delhi_IITM_1Hr.csv,5395,2017,8760,0,0,0,0,0,0,0,0,0,0,0,0,0,0
Raw_data_1Hr_2018_site_103_CRRI_Mathura_Road_Delhi_IMD_1Hr.csv,103,2018,8760,16239,738,58477,4581,1707,58310,125,7927,128,8087,0,0,0,0
Raw_data_1Hr_2018_site_104_Burari_Crossing_Delhi_IMD_1Hr.csv,104,2018,8760,8982,249,37531,1281,761,37237,1929,4361,14,4591,0,0,0,0
Raw_data_1Hr_2018_site_105_North_Campus_DU_Delhi_IMD_1Hr.csv,105,2018,8760,12350,355,54375,4825,1913,54114,84,6433,258,7881,0,0,0,0
Raw_data_1Hr_2018_site_106_IGI_Airport_(T3)_Delhi_IMD_1Hr.csv,106,2018,8760,13473,406,57224,2675,1324,57056,347,6858,43,8389,0,0,0,0
Raw_data_1Hr_2018_site_107_Pusa_Delhi_IMD_1Hr.csv,107,2018,8760,14158,578,57425,3156,1728,57125,370,7466,143,7977,0,0,0,0
Raw_data_1Hr_2018_site_108_Aya_Nagar_Delhi_IMD_1Hr.csv,108,2018,8760,13644,845,57163,2681,1404,56649,140,7814,157,7653,0,0,0,0
Raw_data_1Hr_2018_site_109_Lodhi_Road_Delhi_IMD_1Hr.csv,109,2018,8760,12038,616,57822,1877,1193,57545,126,7934,111,7888,0,0,0,0
Raw_data_1Hr_2018_site_113_Shadipur_Delhi_CPCB_1Hr.csv,113,2018,8760,7436,481,59634,2051,1101,59183,7,8596,0,0,0,0,0,0
Raw_data_1Hr_2018_site_114_IHBAS_Dilshad_Garden_Delhi_CPCB_1Hr.csv,114,2018,8760,7761,669,58041,1865,1000,57111,12,8268,0,0,0,0,0,0
Raw_data_1Hr_2018_site_115_NSIT_Dwarka_Delhi_CPCB_1Hr.csv,115,2018,8760,12198,555,60504,2324,1243,60377,17,8242,0,0,0,0,0,0
Raw_data_1Hr_2018_site_117_ITO_Delhi_CPCB_1Hr.csv,117,2018,8760,7209,432,60302,1534,1021,58599,86,7280,69,7737,0,0,0,0
Raw_data_1Hr_2018_site_118_DTU_Delhi_CPCB_1Hr.csv,118,2018,8760,10265,519,65880,2963,1604,65420,71,8041,18,6172,0,0,0,0
Raw_data_1Hr_2018_site_119_Sirifort_Delhi_CPCB_1Hr.csv,119,2018,8760,8178,549,56284,2451,1435,55692,96,6357,21,5695,0,0,0,0
Raw_data_1Hr_2018_site_122_Mandir_Marg_Delhi_DPCC_1Hr.csv,122,2018,8760,7206,494,72494,2075,1345,71538,1914,7885,68,8200,0,0,0,0
Raw_data_1Hr_2018_site_124_R_K_Puram_Delhi_DPCC_1Hr.csv,124,2018,8760,5744,405,74482,2471,1635,73734,2423,8139,77,8147,0,0,0,0
Raw_data_1Hr_2018_site_125_Punjabi_Bagh_Delhi_DPCC_1Hr.csv,125,2018,8760,6944,427,74827,1633,1029,74318,2388,8225,168,8304,0,0,0,0
Raw_data_1Hr_2018_site_1420_Ashok_Vihar_Delhi_DPCC_1Hr.csv,1420,2018,8760,7653,369,70175,1954,1356,69772,657,7617,8,7791,0,0,0,0
Raw_data_1Hr_2018_site_1421_Dr._Karni_Singh_Shooting_Range_Delhi_DPCC_1Hr.csv,1421,2018,8760,6954,505,65553,1766,1230,63700,1293,7204,68,5641,0,0,0,0
Raw_data_1Hr_2018_site_1422_Dwarka-Sector_8_Delhi_DPCC__1Hr.csv,1422,2018,8760,6750,507,70375,1705,1207,70028,896,7734,57,7698,0,0,0,0
Raw_data_1Hr_2018_site_1423_Jahangirpuri_Delhi_DPCC_1Hr.csv,1423,2018,8760,6677,471,70082,1699,1233,69616,1775,7725,11,7673,0,0,0,0
Raw_data_1Hr_2018_site_1424_Jawaharlal_Nehru_Stadium_Delhi_DPCC_1Hr.csv,1424,2018,8760,7068,453,68463,1915,1394,67846,1547,7262,22,7493,0,0,0,0
Raw_data_1Hr_2018_site_1425_Major_Dhyan_Chand_National_Stadium_Delhi_DPCC_1Hr.csv,1425,2018,8760,7007,489,70242,2211,1517,69828,1317,7442,77,7869,0,0,0,0
Raw_data_1Hr_2018_site_1426_Narela_Delhi_DPCC_1Hr.csv,1426,2018,8760,8499,359,69926,1972,1252,69628,149,7831,9,7628,0,0,0,0
Raw_data_1Hr_2018_site_1427_Najafgarh_Delhi_DPCC_1Hr.csv,1427,2018,8760,10373,643,69694,1986,1306,69068,382,7542,26,7746,0,0,0,0
Raw_data_1Hr_2018_site_1428_Okhla_Phase-2_Delhi_DPCC_1Hr.csv,1428,2018,8760,8254,519,69072,2743,1729,68588,1088,7298,6,7717,0,0,0,0
Raw_data_1Hr_2018_site_1429_Nehru_Nagar_Delhi_DPCC_1Hr.csv,1429,2018,8760,7809,506,68126,2468,1739,66878,656,6853,52,7746,0,0,0,0
Raw_data_1Hr_2018_site_1430_Rohini_Delhi_DPCC_1Hr.csv,1430,2018,8760,7337,439,68110,2461,1501,67543,573,7310,36,7404,0,0,0,0
Raw_data_1Hr_2018_site_1431_Patparganj_Delhi_DPCC_1Hr.csv,1431,2018,8760,9759,669,69844,2282,1486,69415,591,7727,20,7695,0,0,0,0
Raw_data_1Hr_2018_site_1432_Sonia_Vihar_Delhi_DPCC_1Hr.csv,1432,2018,8760,9520,670,69731,3052,1565,69325,127,7700,28,7760,0,0,0,0
Raw_data_1Hr_2018_site_1434_Wazirpur_Delhi_DPCC_1Hr.csv,1434,2018,8760,7376,307,69507,1073,779,69104,598,7551,26,7519,0,0,0,0
Raw_data_1Hr_2018_site_1435_Vivek_Vihar_Delhi_DPCC_1Hr.csv,1435,2018,8760,6986,433,68676,2061,1268,68189,209,7663,52,7355,0,0,0,0
Raw_data_1Hr_2018_site_1560_Bawana_Delhi_DPCC_1Hr.csv,1560,2018,8760,4676,351,38373,1456,807,38060,0,4258,33,4280,0,0,0,0
Raw_data_1Hr_2018_site_1561_Mundka_Delhi_DPCC_1Hr.csv,1561,2018,8760,4027,199,38250,1404,812,38103,1,4269,11,4192,0,0,0,0
Raw_data_1Hr_2018_site_1562_Sri_Aurobindo_Marg_Delhi_DPCC_1Hr.csv,1562,2018,8760,4392,132,38488,1005,657,38357,0,4291,2,4271,0,0,0,0
Raw_data_1Hr_2018_site_1563_Pusa_Delhi_DPCC_1Hr.csv,1563,2018,8760,3542,281,37563,468,339,37456,0,4231,4,4222,0,0,0,0
Raw_data_1Hr_2018_site_301_Anand_Vihar_Delhi_DPCC_1Hr.csv,301,2018,8760,2254,243,59689,848,674,58426,1495,5963,38,6712,0,0,0,0
Raw_data_1Hr_2018_site_5024_Alipur_Delhi_DPCC_1Hr.csv,5024,2018,8760,1540,126,10686,257,149,10651,0,1198,0,1094,0,0,0,0
Raw_data_1Hr_2018_site_5393_Chandni_Chowk_Delhi_IITM_1Hr.csv,5393,2018,8760,0,0,0,0,0,0,0,0,0,0,0,0,0,0
Raw_data_1Hr_2018_site_5395_Lodhi_Road_Delhi_IITM_1Hr.csv,5395,2018,8760,0,0,0,0,0,0,0,0,0,0,0,0,0,0
Raw_data_1Hr_2019_site_103_CRRI_Mathura_Road_Delhi_IMD_1Hr.csv,103,2019,8760,8903,552,58912,2359,1475,58570,331,7790,101,8490,0,0,0,0
Raw_data_1Hr_2019_site_104_Burari_Crossing_Delhi_IMD_1Hr.csv,104,2019,8760,9671,368,54720,2268,1369,54519,348,7945,41,6545,0,0,0,0
Raw_data_1Hr_2019_site_105_North_Campus_DU_Delhi_IMD_1Hr.csv,105,2019,8760,9144,560,51640,1712,1010,51306,42,7185,150,7334,0,0,0,0
Raw_data_1Hr_2019_site_106_IGI_Airport_(T3)_Delhi_IMD_1Hr.csv,106,2019,8760,9770,368,54133,2241,1324,53984,1046,7522,42,7714,0,0,0,0
Raw_data_1Hr_2019_site_107_Pusa_Delhi_IMD_1Hr.csv,107,2019,8760,13447,487,59755,2639,1367,59593,750,8461,67,8465,0,0,0,0
Raw_data_1Hr_2019_site_108_Aya_Nagar_Delhi_IMD_1Hr.csv,108,2019,8760,13756,552,57918,2625,1357,57622,173,8121,171,7420,0,0,0,0
Raw_data_1Hr_2019_site_109_Lodhi_Road_Delhi_IMD_1Hr.csv,109,2019,8760,15095,775,57551,3075,1616,57300,59,8215,121,8134,0,0,0,0
Raw_data_1Hr_2019_site_113_Shadipur_Delhi_CPCB_1Hr.csv,113,2019,8760,4652,403,59402,1283,798,59146,13,8436,0,0,0,0,0,0
Raw_data_1Hr_2019_site_114_IHBAS_Dilshad_Garden_Delhi_CPCB_1Hr.csv,114,2019,8760,8844,655,58813,1783,933,58140,14,8343,0,0,0,0,0,0
Raw_data_1Hr_2019_site_115_NSIT_Dwarka_Delhi_CPCB_1Hr.csv,115,2019,8760,11655,698,60330,2305,1203,60163,5,8563,0,0,0,0,0,0
Raw_data_1Hr_2019_site_117_ITO_Delhi_CPCB_1Hr.csv,117,2019,8760,12057,698,72939,2679,1640,72462,90,7739,1,8393,0,0,0,0
Raw_data_1Hr_2019_site_118_DTU_Delhi_CPCB_1Hr.csv,118,2019,8760,11215,611,75066,1842,1206,74626,58,8378,9,8197,0,0,0,0
Raw_data_1Hr_2019_site_119_Sirifort_Delhi_CPCB_1Hr.csv,119,2019,8760,11551,794,75872,1881,1353,75411,158,8412,0,8302,0,0,0,0
Raw_data_1Hr_2019_site_122_Mandir_Marg_Delhi_DPCC_1Hr.csv,122,2019,8760,8989,534,75544,1337,940,74877,22,8260,22,8446,0,0,0,0
Raw_data_1Hr_2019_site_124_R_K_Puram_Delhi_DPCC_1Hr.csv,124,2019,8760,6133,434,71858,1945,1191,70669,2,8186,90,6786,0,0,0,0
Raw_data_1Hr_2019_site_125_Punjabi_Bagh_Delhi_DPCC_1Hr.csv,125,2019,8760,8365,525,75564,1746,1139,75130,0,8217,22,8333,0,0,0,0
Raw_data_1Hr_2019_site_1420_Ashok_Vihar_Delhi_DPCC_1Hr.csv,1420,2019,8760,8564,545,77196,2085,1325,76823,1,8624,29,8647,0,0,0,0
Raw_data_1Hr_2019_site_1421_Dr._Karni_Singh_Shooting_Range_Delhi_DPCC_1Hr.csv,1421,2019,8760,7293,655,74305,2169,1395,71976,1,8284,10,8598,0,0,0,0
Raw_data_1Hr_2019_site_1422_Dwarka-Sector_8_Delhi_DPCC__1Hr.csv,1422,2019,8760,7695,509,76972,1757,1192,76630,7,8589,14,8388,0,0,0,0
Raw_data_1Hr_2019_site_1423_Jahangirpuri_Delhi_DPCC_1Hr.csv,1423,2019,8760,7962,509,77056,1514,1090,76701,2,8545,10,8449,0,0,0,0
Raw_data_1Hr_2019_site_1424_Jawaharlal_Nehru_Stadium_Delhi_DPCC_1Hr.csv,1424,2019,8760,7790,424,76006,1978,1361,75559,1,8319,44,8408,0,0,0,0
Raw_data_1Hr_2019_site_1425_Major_Dhyan_Chand_National_Stadium_Delhi_DPCC_1Hr.csv,1425,2019,8760,9096,574,76358,2740,1693,75899,0,8370,10,8440,0,0,0,0
Raw_data_1Hr_2019_site_1426_Narela_Delhi_DPCC_1Hr.csv,1426,2019,8760,9288,552,76083,1952,1208,75691,0,8476,4,8520,0,0,0,0
Raw_data_1Hr_2019_site_1427_Najafgarh_Delhi_DPCC_1Hr.csv,1427,2019,8760,10268,424,73761,1728,1090,73029,0,7998,109,8085,0,0,0,0
Raw_data_1Hr_2019_site_1428_Okhla_Phase-2_Delhi_DPCC_1Hr.csv,1428,2019,8760,9811,534,76125,1734,1168,75768,0,8588,20,8350,0,0,0,0
Raw_data_1Hr_2019_site_1429_Nehru_Nagar_Delhi_DPCC_1Hr.csv,1429,2019,8760,7767,432,76198,1704,1292,75612,1,8236,7,8448,0,0,0,0
Raw_data_1Hr_2019_site_1430_Rohini_Delhi_DPCC_1Hr.csv,1430,2019,8760,11383,828,76273,3186,1765,75894,102,8572,16,8563,0,0,0,0
Raw_data_1Hr_2019_site_1431_Patparganj_Delhi_DPCC_1Hr.csv,1431,2019,8760,14282,943,76425,2291,1324,75652,131,8407,20,8321,0,0,0,0
Raw_data_1Hr_2019_site_1432_Sonia_Vihar_Delhi_DPCC_1Hr.csv,1432,2019,8760,9833,649,75699,2544,1435,75212,0,8597,63,8179,0,0,0,0
Raw_data_1Hr_2019_site_1434_Wazirpur_Delhi_DPCC_1Hr.csv,1434,2019,8760,8260,459,75537,1611,1143,75078,3,8458,8,8398,0,0,0,0
Raw_data_1Hr_2019_site_1435_Vivek_Vihar_Delhi_DPCC_1Hr.csv,1435,2019,8760,8032,414,74399,1879,1166,73754,1,8397,3,8149,0,0,0,0
Raw_data_1Hr_2019_site_1560_Bawana_Delhi_DPCC_1Hr.csv,1560,2019,8760,9610,745,74722,2198,1206,73637,0,8389,171,7643,0,0,0,0
Raw_data_1Hr_2019_site_1561_Mundka_Delhi_DPCC_1Hr.csv,1561,2019,8760,9410,458,76345,1925,1289,76006,0,8552,38,8228,0,0,0,0
Raw_data_1Hr_2019_site_1562_Sri_Aurobindo_Marg_Delhi_DPCC_1Hr.csv,1562,2019,8760,9385,474,77124,2232,1322,76640,0,8646,7,8656,0,0,0,0
Raw_data_1Hr_2019_site_1563_Pusa_Delhi_DPCC_1Hr.csv,1563,2019,8760,7945,561,76626,761,614,76342,1,8554,1,8570,0,0,0,0
Raw_data_1Hr_2019_site_301_Anand_Vihar_Delhi_DPCC_1Hr.csv,301,2019,8760,2658,293,72409,1031,739,71183,68,7918,15,8100,0,0,0,0
Raw_data_1Hr_2019_site_5024_Alipur_Delhi_DPCC_1Hr.csv,5024,2019,8760,12815,668,73805,2886,1309,73262,1,8296,115,8204,0,0,0,0
Raw_data_1Hr_2019_site_5393_Chandni_Chowk_Delhi_IITM_1Hr.csv,5393,2019,8760,0,0,0,0,0,0,0,0,0,0,0,0,0,0
Raw_data_1Hr_2019_site_5395_Lodhi_Road_Delhi_IITM_1Hr.csv,5395,2019,8760,0,0,0,0,0,0,0,0,0,0,0,0,0,0
Raw_data_1Hr_2020_site_103_CRRI_Mathura_Road_Delhi_IMD_1Hr.csv,103,2020,8784,9577,440,60930,2402,1393,60823,48,8602,49,8689,0,0,0,0
Raw_data_1Hr_2020_site_104_Burari_Crossing_Delhi_IMD_1Hr.csv,104,2020,8784,0,0,0,0,0,0,0,0,0,0,0,0,0,0
Raw_data_1Hr_2020_site_105_North_Campus_DU_Delhi_IMD_1Hr.csv,105,2020,8784,9580,405,53657,3475,1489,53362,527,7643,126,7120,0,0,0,0
Raw_data_1Hr_2020_site_106_IGI_Airport_(T3)_Delhi_IMD_1Hr.csv,106,2020,8784,9722,307,58303,2568,1395,57948,465,7337,33,8468,0,0,0,0
Raw_data_1Hr_2020_site_107_Pusa_Delhi_IMD_1Hr.csv,107,2020,8784,12816,366,53259,3244,1353,53102,513,7504,170,7379,0,0,0,0
Raw_data_1Hr_2020_site_108_Aya_Nagar_Delhi_IMD_1Hr.csv,108,2020,8784,13637,559,59752,2191,1164,59433,213,8513,117,8301,0,0,0,0
Raw_data_1Hr_2020_site_109_Lodhi_Road_Delhi_IMD_1Hr.csv,109,2020,8784,14467,614,58071,2914,1383,57803,48,8172,105,8120,0,0,0,0
Raw_data_1Hr_2020_site_113_Shadipur_Delhi_CPCB_1Hr.csv,113,2020,8784,7247,573,68825,2310,1177,68300,4,8597,4,4073,0,0,0,0
Raw_data_1Hr_2020_site_114_IHBAS_Dilshad_Garden_Delhi_CPCB_1Hr.csv,114,2020,8784,9365,716,67572,2295,1261,66875,0,8481,2,3864,0,0,0,0
Raw_data_1Hr_2020_site_115_NSIT_Dwarka_Delhi_CPCB_1Hr.csv,115,2020,8784,10869,636,68489,2455,1287,67854,0,8661,0,4061,0,0,0,0
Raw_data_1Hr_2020_site_117_ITO_Delhi_CPCB_1Hr.csv,117,2020,8784,10491,706,75579,1542,1085,74882,0,8673,37,7201,0,0,0,0
Raw_data_1Hr_2020_site_118_DTU_Delhi_CPCB_1Hr.csv,118,2020,8784,14852,914,76062,2578,1409,75547,20,8448,1,8159,0,0,0,0
Raw_data_1Hr_2020_site_119_Sirifort_Delhi_CPCB_1Hr.csv,119,2020,8784,10870,642,75502,2442,1479,74792,107,8656,0,8275,0,0,0,0
Raw_data_1Hr_2020_site_122_Mandir_Marg_Delhi_DPCC_1Hr.csv,122,2020,8784,11906,734,71490,2679,1572,70554,6,7933,28,7983,0,0,0,0
Raw_data_1Hr_2020_site_124_R_K_Puram_Delhi_DPCC_1Hr.csv,124,2020,8784,7990,508,73804,3097,1699,72905,6,8239,4,7907,0,0,0,0
Raw_data_1Hr_2020_site_125_Punjabi_Bagh_Delhi_DPCC_1Hr.csv,125,2020,8784,9647,555,72828,2569,1328,72202,0,8224,14,8056,0,0,0,0
Raw_data_1Hr_2020_site_1420_Ashok_Vihar_Delhi_DPCC_1Hr.csv,1420,2020,8784,8083,295,76122,2268,1325,75708,0,8406,4,7974,0,0,0,0
Raw_data_1Hr_2020_site_1421_Dr._Karni_Singh_Shooting_Range_Delhi_DPCC_1Hr.csv,1421,2020,8784,9738,747,74498,2410,1403,71849,0,8368,3,7460,0,0,0,0
Raw_data_1Hr_2020_site_1422_Dwarka-Sector_8_Delhi_DPCC__1Hr.csv,1422,2020,8784,8386,426,75996,2398,1497,75439,2,8586,3,8484,0,0,0,0
Raw_data_1Hr_2020_site_1423_Jahangirpuri_Delhi_DPCC_1Hr.csv,1423,2020,8784,13375,714,75442,2524,1445,74873,2,8382,0,8276,0,0,0,0
Raw_data_1Hr_2020_site_1424_Jawaharlal_Nehru_Stadium_Delhi_DPCC_1Hr.csv,1424,2020,8784,8268,472,75291,2899,1588,74830,0,8360,3,8428,0,0,0,0
Raw_data_1Hr_2020_site_1425_Major_Dhyan_Chand_National_Stadium_Delhi_DPCC_1Hr.csv,1425,2020,8784,10438,545,76854,3148,1624,76497,2,8395,0,8560,0,0,0,0
Raw_data_1Hr_2020_site_1426_Narela_Delhi_DPCC_1Hr.csv,1426,2020,8784,8849,442,73660,2107,1299,73314,0,8213,1,8154,0,0,0,0
Raw_data_1Hr_2020_site_1427_Najafgarh_Delhi_DPCC_1Hr.csv,1427,2020,8784,10274,546,69451,1971,1191,67708,4,7118,4,7694,0,0,0,0
Raw_data_1Hr_2020_site_1428_Okhla_Phase-2_Delhi_DPCC_1Hr.csv,1428,2020,8784,9791,573,76250,2524,1338,75995,0,8640,2,8457,0,0,0,0
Raw_data_1Hr_2020_site_1429_Nehru_Nagar_Delhi_DPCC_1Hr.csv,1429,2020,8784,9091,589,74682,2728,1813,73926,0,7853,5,8505,0,0,0,0
Raw_data_1Hr_2020_site_1430_Rohini_Delhi_DPCC_1Hr.csv,1430,2020,8784,12300,759,76287,3305,1711,75843,306,8427,5,8355,0,0,0,0
Raw_data_1Hr_2020_site_1431_Patparganj_Delhi_DPCC_1Hr.csv,1431,2020,8784,12450,687,74341,3242,1488,73677,240,8256,3,8507,0,0,0,0
Raw_data_1Hr_2020_site_1432_Sonia_Vihar_Delhi_DPCC_1Hr.csv,1432,2020,8784,8890,442,72332,2746,1397,71760,0,8027,2,8325,0,0,0,0
Raw_data_1Hr_2020_site_1434_Wazirpur_Delhi_DPCC_1Hr.csv,1434,2020,8784,8436,549,75331,1787,1133,74904,0,8462,2,8375,0,0,0,0
Raw_data_1Hr_2020_site_1435_Vivek_Vihar_Delhi_DPCC_1Hr.csv,1435,2020,8784,9347,475,75756,2397,1194,75032,0,8643,1,7846,0,0,0,0
Raw_data_1Hr_2020_site_1560_Bawana_Delhi_DPCC_1Hr.csv,1560,2020,8784,13423,824,75411,3268,1636,74614,0,8567,0,8225,0,0,0,0
Raw_data_1Hr_2020_site_1561_Mundka_Delhi_DPCC_1Hr.csv,1561,2020,8784,8438,338,73280,2125,1322,72676,2,8048,6,8285,0,0,0,0
Raw_data_1Hr_2020_site_1562_Sri_Aurobindo_Marg_Delhi_DPCC_1Hr.csv,1562,2020,8784,12560,635,77417,2304,1232,77029,0,8552,4,8603,0,0,0,0
Raw_data_1Hr_2020_site_1563_Pusa_Delhi_DPCC_1Hr.csv,1563,2020,8784,6486,405,67657,936,731,67145,5,7569,2,7704,0,0,0,0
Raw_data_1Hr_2020_site_301_Anand_Vihar_Delhi_DPCC_1Hr.csv,301,2020,8784,6313,535,66171,1360,1022,65018,13,6899,6,7116,0,0,0,0
Raw_data_1Hr_2020_site_5024_Alipur_Delhi_DPCC_1Hr.csv,5024,2020,8784,13267,717,73652,3250,1515,72865,1,8237,1,8275,0,0,0,0
Raw_data_1Hr_2020_site_5393_Chandni_Chowk_Delhi_IITM_1Hr.csv,5393,2020,8784,1801,124,9937,226,175,9809,10,1103,0,1093,0,0,0,0
Raw_data_1Hr_2020_site_5395_Lodhi_Road_Delhi_IITM_1Hr.csv,5395,2020,8784,2518,112,7682,118,93,7556,0,0,0,1099,0,0,0,0
Raw_data_1Hr_2021_site_103_CRRI_Mathura_Road_Delhi_IMD_1Hr.csv,103,2021,8760,12565,570,56675,2116,1315,56382,28,6737,450,7018,0,0,0,0
Raw_data_1Hr_2021_site_104_Burari_Crossing_Delhi_IMD_1Hr.csv,104,2021,8760,3186,2,6346,13,9,6334,0,0,27,1568,0,0,0,0
Raw_data_1Hr_2021_site_105_North_Campus_DU_Delhi_IMD_1Hr.csv,105,2021,8760,16880,657,57230,4789,1854,57022,500,8084,73,7980,0,0,0,0
Raw_data_1Hr_2021_site_106_IGI_Airport_(T3)_Delhi_IMD_1Hr.csv,106,2021,8760,9904,342,39122,2317,1268,38960,368,5462,42,5407,0,0,0,0
Raw_data_1Hr_2021_site_107_Pusa_Delhi_IMD_1Hr.csv,107,2021,8760,9148,274,45924,1848,1089,45701,903,6657,83,6184,0,0,0,0
Raw_data_1Hr_2021_site_108_Aya_Nagar_Delhi_IMD_1Hr.csv,108,2021,8760,15646,719,58279,3290,1484,57883,159,8317,244,7942,0,0,0,0
Raw_data_1Hr_2021_site_109_Lodhi_Road_Delhi_IMD_1Hr.csv,109,2021,8760,15599,619,58202,2699,1550,58049,11,8300,25,8190,0,0,0,0
Raw_data_1Hr_2021_site_113_Shadipur_Delhi_CPCB_1Hr.csv,113,2021,8760,9251,805,76745,3573,1953,76063,1,8626,2,8471,0,0,0,0
Raw_data_1Hr_2021_site_114_IHBAS_Dilshad_Garden_Delhi_CPCB_1Hr.csv,114,2021,8760,7288,637,72545,2553,1513,70349,10,8027,3,7948,0,0,0,0
Raw_data_1Hr_2021_site_115_NSIT_Dwarka_Delhi_CPCB_1Hr.csv,115,2021,8760,5780,573,77272,2487,1512,76525,384,8651,5,8352,0,0,0,0
Raw_data_1Hr_2021_site_117_ITO_Delhi_CPCB_1Hr.csv,117,2021,8760,11012,849,69618,2789,1600,69061,0,8127,10,4480,0,0,0,0
Raw_data_1Hr_2021_site_118_DTU_Delhi_CPCB_1Hr.csv,118,2021,8760,12533,780,73485,2225,1309,72804,351,7912,2,7350,0,0,0,0
Raw_data_1Hr_2021_site_119_Sirifort_Delhi_CPCB_1Hr.csv,119,2021,8760,10660,692,62254,2447,1434,61570,40,5385,1,7784,0,0,0,0
Raw_data_1Hr_2021_site_122_Mandir_Marg_Delhi_DPCC_1Hr.csv,122,2021,8760,9130,442,75825,1248,847,75257,0,8501,9,8334,0,0,0,0
Raw_data_1Hr_2021_site_124_R_K_Puram_Delhi_DPCC_1Hr.csv,124,2021,8760,7721,566,75115,2784,1516,74288,0,8493,8,7974,0,0,0,0
Raw_data_1Hr_2021_site_125_Punjabi_Bagh_Delhi_DPCC_1Hr.csv,125,2021,8760,9027,385,75876,1876,1128,75324,0,8411,9,8175,0,0,0,0
Raw_data_1Hr_2021_site_1420_Ashok_Vihar_Delhi_DPCC_1Hr.csv,1420,2021,8760,5848,458,76124,1752,1079,75476,0,8579,3,8141,0,0,0,0
Raw_data_1Hr_2021_site_1421_Dr._Karni_Singh_Shooting_Range_Delhi_DPCC_1Hr.csv,1421,2021,8760,8358,626,75289,1681,1075,72841,0,8314,3,8571,0,0,0,0
Raw_data_1Hr_2021_site_1422_Dwarka-Sector_8_Delhi_DPCC__1Hr.csv,1422,2021,8760,11829,678,77023,2357,1573,76625,115,8574,3,8523,0,0,0,0
Raw_data_1Hr_2021_site_1423_Jahangirpuri_Delhi_DPCC_1Hr.csv,1423,2021,8760,9288,646,74959,1855,1276,74306,1,8204,6,8176,0,0,0,0
Raw_data_1Hr_2021_site_1424_Jawaharlal_Nehru_Stadium_Delhi_DPCC_1Hr.csv,1424,2021,8760,8051,456,75431,2990,1765,74848,0,8252,2,8423,0,0,0,0
Raw_data_1Hr_2021_site_1425_Major_Dhyan_Chand_National_Stadium_Delhi_DPCC_1Hr.csv,1425,2021,8760,12852,905,76944,2559,1631,76518,242,8440,1,8611,0,0,0,0
Raw_data_1Hr_2021_site_1426_Narela_Delhi_DPCC_1Hr.csv,1426,2021,8760,7776,613,75309,2064,1297,74316,6,8465,0,8411,0,0,0,0
Raw_data_1Hr_2021_site_1427_Najafgarh_Delhi_DPCC_1Hr.csv,1427,2021,8760,15429,774,74798,2457,1424,74206,78,8402,0,8192,0,0,0,0
Raw_data_1Hr_2021_site_1428_Okhla_Phase-2_Delhi_DPCC_1Hr.csv,1428,2021,8760,6901,407,75945,2187,1363,75419,0,8448,2,8476,0,0,0,0
Raw_data_1Hr_2021_site_1429_Nehru_Nagar_Delhi_DPCC_1Hr.csv,1429,2021,8760,5808,452,73342,2041,1549,72161,0,7499,4,8476,0,0,0,0
Raw_data_1Hr_2021_site_1430_Rohini_Delhi_DPCC_1Hr.csv,1430,2021,8760,11695,681,76803,3772,2035,76266,208,8553,4,8541,0,0,0,0
Raw_data_1Hr_2021_site_1431_Patparganj_Delhi_DPCC_1Hr.csv,1431,2021,8760,10322,634,74946,3056,1698,74215,255,8199,1,7870,0,0,0,0
Raw_data_1Hr_2021_site_1432_Sonia_Vihar_Delhi_DPCC_1Hr.csv,1432,2021,8760,9090,553,75345,3146,1540,74829,0,8415,5,8174,0,0,0,0
Raw_data_1Hr_2021_site_1434_Wazirpur_Delhi_DPCC_1Hr.csv,1434,2021,8760,9650,522,72330,1755,1233,71645,379,8392,0,6090,0,0,0,0
Raw_data_1Hr_2021_site_1435_Vivek_Vihar_Delhi_DPCC_1Hr.csv,1435,2021,8760,9074,564,73271,2164,1336,72336,56,8242,4,7749,0,0,0,0
Raw_data_1Hr_2021_site_1560_Bawana_Delhi_DPCC_1Hr.csv,1560,2021,8760,13185,1028,75885,2695,1514,74961,37,8514,0,8374,0,0,0,0
Raw_data_1Hr_2021_site_1561_Mundka_Delhi_DPCC_1Hr.csv,1561,2021,8760,8758,498,75483,2110,1395,74767,0,8412,7,8325,0,0,0,0
Raw_data_1Hr_2021_site_1562_Sri_Aurobindo_Marg_Delhi_DPCC_1Hr.csv,1562,2021,8760,10391,869,76482,2213,1281,75741,0,8645,1,8366,0,0,0,0
Raw_data_1Hr_2021_site_1563_Pusa_Delhi_DPCC_1Hr.csv,1563,2021,8760,6649,598,74567,1211,948,73721,1,8285,2,8180,0,0,0,0
Raw_data_1Hr_2021_site_301_Anand_Vihar_Delhi_DPCC_1Hr.csv,301,2021,8760,4903,380,71160,945,723,69937,64,7755,14,7768,0,0,0,0
Raw_data_1Hr_2021_site_5024_Alipur_Delhi_DPCC_1Hr.csv,5024,2021,8760,14866,1061,74615,3068,1599,73816,0,8386,0,8298,0,0,0,0
Raw_data_1Hr_2021_site_5393_Chandni_Chowk_Delhi_IITM_1Hr.csv,5393,2021,8760,17105,1072,69943,3467,2001,68740,63,7765,10,7497,0,0,0,0
Raw_data_1Hr_2021_site_5395_Lodhi_Road_Delhi_IITM_1Hr.csv,5395,2021,8760,14083,717,48549,1635,1115,47036,0,0,12,6727,0,0,0,0
Raw_data_1Hr_2022_site_103_CRRI_Mathura_Road_Delhi_IMD_1Hr.csv,103,2022,8760,14749,877,58932,2937,1595,58684,14,8076,199,8428,0,0,0,0
Raw_data_1Hr_2022_site_104_Burari_Crossing_Delhi_IMD_1Hr.csv,104,2022,8760,11418,304,36075,3223,1251,35723,44,2916,159,4874,0,0,0,0
Raw_data_1Hr_2022_site_105_North_Campus_DU_Delhi_IMD_1Hr.csv,105,2022,8760,12281,672,58945,2761,1635,58677,80,8013,85,8442,0,0,0,0
Raw_data_1Hr_2022_site_106_IGI_Airport_(T3)_Delhi_IMD_1Hr.csv,106,2022,8760,10020,520,59714,1913,1285,59505,372,8313,45,8580,0,0,0,0
Raw_data_1Hr_2022_site_107_Pusa_Delhi_IMD_1Hr.csv,107,2022,8760,14059,469,58087,2867,1451,57696,1371,8292,122,7962,0,0,0,0
Raw_data_1Hr_2022_site_108_Aya_Nagar_Delhi_IMD_1Hr.csv,108,2022,8760,14979,675,57239,2331,1171,56900,16,8216,155,8105,0,0,0,0
Raw_data_1Hr_2022_site_109_Lodhi_Road_Delhi_IMD_1Hr.csv,109,2022,8760,15972,648,59594,2307,1419,59359,7,8586,39,8388,0,0,0,0
Raw_data_1Hr_2022_site_113_Shadipur_Delhi_CPCB_1Hr.csv,113,2022,8760,7181,559,76679,1832,1288,75779,14,8547,7,8222,0,0,0,0
Raw_data_1Hr_2022_site_114_IHBAS_Dilshad_Garden_Delhi_CPCB_1Hr.csv,114,2022,8760,8322,523,71272,2029,1386,69260,34,7919,4,7599,0,0,0,0
Raw_data_1Hr_2022_site_115_NSIT_Dwarka_Delhi_CPCB_1Hr.csv,115,2022,8760,9083,569,76813,2198,1356,75956,25,8605,6,8136,0,0,0,0
Raw_data_1Hr_2022_site_117_ITO_Delhi_CPCB_1Hr.csv,117,2022,8760,10215,631,74657,3771,1953,74114,102,8102,11,8340,0,0,0,0
Raw_data_1Hr_2022_site_118_DTU_Delhi_CPCB_1Hr.csv,118,2022,8760,15277,715,62040,2442,1359,61009,577,5744,14,6965,0,0,0,0
Raw_data_1Hr_2022_site_119_Sirifort_Delhi_CPCB_1Hr.csv,119,2022,8760,16163,1006,68953,3459,1839,67876,76,6688,0,8067,0,0,0,0
Raw_data_1Hr_2022_site_122_Mandir_Marg_Delhi_DPCC_1Hr.csv,122,2022,8760,7738,386,74640,1161,844,73932,0,8358,9,8325,0,0,0,0
Raw_data_1Hr_2022_site_124_R_K_Puram_Delhi_DPCC_1Hr.csv,124,2022,8760,7746,534,76284,2502,1418,75711,1,8604,1,8499,0,0,0,0
Raw_data_1Hr_2022_site_125_Punjabi_Bagh_Delhi_DPCC_1Hr.csv,125,2022,8760,8934,489,75586,2101,1179,74868,0,8514,7,8335,0,0,0,0
Raw_data_1Hr_2022_site_1420_Ashok_Vihar_Delhi_DPCC_1Hr.csv,1420,2022,8760,9483,597,75512,2861,1608,74667,190,8433,0,8235,0,0,0,0
Raw_data_1Hr_2022_site_1421_Dr._Karni_Singh_Shooting_Range_Delhi_DPCC_1Hr.csv,1421,2022,8760,8796,684,75378,1284,893,72977,0,8278,0,8621,0,0,0,0
Raw_data_1Hr_2022_site_1422_Dwarka-Sector_8_Delhi_DPCC__1Hr.csv,1422,2022,8760,12520,794,76251,1836,1352,75730,206,8491,0,8517,0,0,0,0
Raw_data_1Hr_2022_site_1423_Jahangirpuri_Delhi_DPCC_1Hr.csv,1423,2022,8760,7513,571,75602,1781,1266,74894,5,8309,3,8372,0,0,0,0
Raw_data_1Hr_2022_site_1424_Jawaharlal_Nehru_Stadium_Delhi_DPCC_1Hr.csv,1424,2022,8760,9135,560,73747,2251,1543,73175,0,8165,0,8259,0,0,0,0
Raw_data_1Hr_2022_site_1425_Major_Dhyan_Chand_National_Stadium_Delhi_DPCC_1Hr.csv,1425,2022,8760,13220,914,76385,2537,1603,75824,445,8409,1,8468,0,0,0,0
Raw_data_1Hr_2022_site_1426_Narela_Delhi_DPCC_1Hr.csv,1426,2022,8760,7669,556,76278,1958,1172,75382,0,8585,0,8420,0,0,0,0
Raw_data_1Hr_2022_site_1427_Najafgarh_Delhi_DPCC_1Hr.csv,1427,2022,8760,16123,809,72992,1617,1071,72115,106,8208,4,8090,0,0,0,0
Raw_data_1Hr_2022_site_1428_Okhla_Phase-2_Delhi_DPCC_1Hr.csv,1428,2022,8760,7952,493,77739,2344,1527,77461,0,8668,1,8618,0,0,0,0
Raw_data_1Hr_2022_site_1429_Nehru_Nagar_Delhi_DPCC_1Hr.csv,1429,2022,8760,6495,434,75100,2003,1428,73974,0,7959,8,8590,0,0,0,0
Raw_data_1Hr_2022_site_1430_Rohini_Delhi_DPCC_1Hr.csv,1430,2022,8760,11480,628,77149,3406,1788,76477,210,8613,0,8686,0,0,0,0
Raw_data_1Hr_2022_site_1431_Patparganj_Delhi_DPCC_1Hr.csv,1431,2022,8760,8378,518,76390,2820,1633,75760,0,8516,1,8439,0,0,0,0
Raw_data_1Hr_2022_site_1432_Sonia_Vihar_Delhi_DPCC_1Hr.csv,1432,2022,8760,8556,492,75744,2882,1599,75089,9,8362,2,8473,0,0,0,0
Raw_data_1Hr_2022_site_1434_Wazirpur_Delhi_DPCC_1Hr.csv,1434,2022,8760,11014,780,75562,2325,1476,74898,230,8497,1,8353,0,0,0,0
Raw_data_1Hr_2022_site_1435_Vivek_Vihar_Delhi_DPCC_1Hr.csv,1435,2022,8760,12131,690,75906,2660,1491,75410,244,8436,2,8250,0,0,0,0
Raw_data_1Hr_2022_site_1560_Bawana_Delhi_DPCC_1Hr.csv,1560,2022,8760,14011,1094,75638,2601,1485,73508,56,8344,0,8627,0,0,0,0
Raw_data_1Hr_2022_site_1561_Mundka_Delhi_DPCC_1Hr.csv,1561,2022,8760,8297,507,75336,2350,1438,74178,0,8470,1,8482,0,0,0,0
Raw_data_1Hr_2022_site_1562_Sri_Aurobindo_Marg_Delhi_DPCC_1Hr.csv,1562,2022,8760,10514,777,76757,2109,1294,76001,0,8634,0,8419,0,0,0,0
Raw_data_1Hr_2022_site_1563_Pusa_Delhi_DPCC_1Hr.csv,1563,2022,8760,7294,624,74436,708,560,73953,4,8372,0,8371,0,0,0,0
Raw_data_1Hr_2022_site_301_Anand_Vihar_Delhi_DPCC_1Hr.csv,301,2022,8760,4424,309,71471,901,704,69916,40,7592,7,8448,0,0,0,0
Raw_data_1Hr_2022_site_5024_Alipur_Delhi_DPCC_1Hr.csv,5024,2022,8760,16396,965,75776,3321,1598,75298,0,8544,0,8469,0,0,0,0
Raw_data_1Hr_2022_site_5393_Chandni_Chowk_Delhi_IITM_1Hr.csv,5393,2022,8760,7510,545,41083,2378,1266,40231,397,4462,11,4449,0,0,0,0
Raw_data_1Hr_2022_site_5395_Lodhi_Road_Delhi_IITM_1Hr.csv,5395,2022,8760,6040,302,24353,936,641,23797,0,0,23,4117,0,0,0,0
Raw_data_1Hr_2023_site_103_CRRI_Mathura_Road_Delhi_IMD_1Hr.csv,103,2023,8760,12818,794,56215,3055,1637,55783,12,7705,207,7944,0,0,0,0
Raw_data_1Hr_2023_site_104_Burari_Crossing_Delhi_IMD_1Hr.csv,104,2023,8760,10735,305,53652,1448,891,53406,152,6806,94,7981,0,0,0,0
Raw_data_1Hr_2023_site_105_North_Campus_DU_Delhi_IMD_1Hr.csv,105,2023,8760,8318,652,57908,2126,1299,57529,64,8127,127,8234,0,0,0,0
Raw_data_1Hr_2023_site_106_IGI_Airport_(T3)_Delhi_IMD_1Hr.csv,106,2023,8760,8926,434,59884,1422,985,59715,109,8342,12,8637,0,0,0,0
Raw_data_1Hr_2023_site_107_Pusa_Delhi_IMD_1Hr.csv,107,2023,8760,11034,415,53942,1694,903,53657,299,7763,217,7424,0,0,0,0
Raw_data_1Hr_2023_site_108_Aya_Nagar_Delhi_IMD_1Hr.csv,108,2023,8760,20602,1087,57286,2478,1126,56780,8,8247,204,7832,0,0,0,0
Raw_data_1Hr_2023_site_109_Lodhi_Road_Delhi_IMD_1Hr.csv,109,2023,8760,17310,622,60303,2856,1409,60041,45,8530,29,8481,0,0,0,0
Raw_data_1Hr_2023_site_113_Shadipur_Delhi_CPCB_1Hr.csv,113,2023,8760,7391,463,76260,958,784,75159,5,8600,17,7878,0,0,0,0
Raw_data_1Hr_2023_site_114_IHBAS_Dilshad_Garden_Delhi_CPCB_1Hr.csv,114,2023,8760,8676,534,72155,999,782,70936,0,7966,7,7867,0,0,0,0
Raw_data_1Hr_2023_site_115_NSIT_Dwarka_Delhi_CPCB_1Hr.csv,115,2023,8760,8582,447,77265,1488,1119,76517,1,8689,10,8150,0,0,0,0
Raw_data_1Hr_2023_site_117_ITO_Delhi_CPCB_1Hr.csv,117,2023,8760,9204,600,73110,1866,1323,72598,523,8012,1,8146,0,0,0,0
Raw_data_1Hr_2023_site_118_DTU_Delhi_CPCB_1Hr.csv,118,2023,8760,16139,725,73107,2636,1449,72248,571,7742,3,7845,0,0,0,0
Raw_data_1Hr_2023_site_119_Sirifort_Delhi_CPCB_1Hr.csv,119,2023,8760,15178,907,71767,3141,1640,70646,321,7505,3,7974,0,0,0,0
Raw_data_1Hr_2023_site_122_Mandir_Marg_Delhi_DPCC_1Hr.csv,122,2023,8760,8673,431,74112,959,721,73129,109,8365,10,8277,0,0,0,0
Raw_data_1Hr_2023_site_124_R_K_Puram_Delhi_DPCC_1Hr.csv,124,2023,8760,6528,384,70963,1883,1109,69881,3,7992,5,8149,0,0,0,0
Raw_data_1Hr_2023_site_125_Punjabi_Bagh_Delhi_DPCC_1Hr.csv,125,2023,8760,11126,711,72519,2305,1421,71579,6,8040,5,8257,0,0,0,0
Raw_data_1Hr_2023_site_1420_Ashok_Vihar_Delhi_DPCC_1Hr.csv,1420,2023,8760,13967,955,72705,2599,1483,71914,428,8344,0,7291,0,0,0,0
Raw_data_1Hr_2023_site_1421_Dr._Karni_Singh_Shooting_Range_Delhi_DPCC_1Hr.csv,1421,2023,8760,9796,813,74354,1236,889,71973,77,8174,3,8363,0,0,0,0
Raw_data_1Hr_2023_site_1422_Dwarka-Sector_8_Delhi_DPCC__1Hr.csv,1422,2023,8760,13385,839,76010,1708,1205,75655,288,8469,1,8393,0,0,0,0
Raw_data_1Hr_2023_site_1423_Jahangirpuri_Delhi_DPCC_1Hr.csv,1423,2023,8760,9315,693,74512,1815,1191,73837,1,8334,3,8080,0,0,0,0
Raw_data_1Hr_2023_site_1424_Jawaharlal_Nehru_Stadium_Delhi_DPCC_1Hr.csv,1424,2023,8760,8518,528,73591,2005,1349,72922,294,8264,3,7292,0,0,0,0
Raw_data_1Hr_2023_site_1425_Major_Dhyan_Chand_National_Stadium_Delhi_DPCC_1Hr.csv,1425,2023,8760,11542,750,74697,2194,1433,74116,360,8335,2,8420,0,0,0,0
Raw_data_1Hr_2023_site_1426_Narela_Delhi_DPCC_1Hr.csv,1426,2023,8760,10900,717,76227,2208,1262,75472,141,8539,0,8484,0,0,0,0
Raw_data_1Hr_2023_site_1427_Najafgarh_Delhi_DPCC_1Hr.csv,1427,2023,8760,17503,997,75180,1475,957,74669,36,8444,4,8224,0,0,0,0
Raw_data_1Hr_2023_site_1428_Okhla_Phase-2_Delhi_DPCC_1Hr.csv,1428,2023,8760,8125,482,75920,2270,1379,75560,0,8435,3,8393,0,0,0,0
Raw_data_1Hr_2023_site_1429_Nehru_Nagar_Delhi_DPCC_1Hr.csv,1429,2023,8760,6743,528,75252,2126,1443,74359,0,8333,6,8100,0,0,0,0
Raw_data_1Hr_2023_site_1430_Rohini_Delhi_DPCC_1Hr.csv,1430,2023,8760,11316,711,75428,3222,1668,74765,262,8407,5,8514,0,0,0,0
Raw_data_1Hr_2023_site_1431_Patparganj_Delhi_DPCC_1Hr.csv,1431,2023,8760,9792,717,75581,2533,1360,75222,0,8393,1,8145,0,0,0,0
Raw_data_1Hr_2023_site_1432_Sonia_Vihar_Delhi_DPCC_1Hr.csv,1432,2023,8760,14579,949,74379,2737,1560,73776,143,8197,3,8356,0,0,0,0
Raw_data_1Hr_2023_site_1434_Wazirpur_Delhi_DPCC_1Hr.csv,1434,2023,8760,10354,691,73509,1905,1278,72818,721,8313,5,8279,0,0,0,0
Raw_data_1Hr_2023_site_1435_Vivek_Vihar_Delhi_DPCC_1Hr.csv,1435,2023,8760,11373,679,74545,2696,1555,74134,335,8277,3,8222,0,0,0,0
Raw_data_1Hr_2023_site_1560_Bawana_Delhi_DPCC_1Hr.csv,1560,2023,8760,15787,1090,74813,2062,1269,72838,39,8255,2,8238,0,0,0,0
Raw_data_1Hr_2023_site_1561_Mundka_Delhi_DPCC_1Hr.csv,1561,2023,8760,8865,576,74127,2337,1369,73040,1,8412,2,8328,0,0,0,0
Raw_data_1Hr_2023_site_1562_Sri_Aurobindo_Marg_Delhi_DPCC_1Hr.csv,1562,2023,8760,11349,852,76079,2385,1431,75434,0,8544,1,8447,0,0,0,0
Raw_data_1Hr_2023_site_1563_Pusa_Delhi_DPCC_1Hr.csv,1563,2023,8760,11867,848,73787,980,759,73312,135,8119,0,8264,0,0,0,0
Raw_data_1Hr_2023_site_301_Anand_Vihar_Delhi_DPCC_1Hr.csv,301,2023,8760,6079,485,67487,958,628,65889,76,7239,7,7858,0,0,0,0
Raw_data_1Hr_2023_site_5024_Alipur_Delhi_DPCC_1Hr.csv,5024,2023,8760,12946,922,74277,2424,1292,73663,0,8349,0,8203,0,0,0,0
Raw_data_1Hr_2023_site_5393_Chandni_Chowk_Delhi_IITM_1Hr.csv,5393,2023,8760,3096,200,20978,1105,748,20143,38,2113,3,2361,0,0,0,0
Raw_data_1Hr_2023_site_5395_Lodhi_Road_Delhi_IITM_1Hr.csv,5395,2023,8760,566,30,7431,170,118,7117,0,0,20,1278,0,0,0,0
Raw_data_1Hr_2023_site_5852_New_Moti_Bagh_Delhi_MHUA_1Hr.csv,5852,2023,8760,2767,180,13252,425,268,13197,77,2674,0,0,0,0,0,0
Raw_data_1Hr_2024_site_103_CRRI_Mathura_Road_Delhi_IMD_1Hr.csv,103,2024,8784,9308,457,48464,2098,1148,48246,58,6720,47,6847,0,0,0,0
Raw_data_1Hr_2024_site_104_Burari_Crossing_Delhi_IMD_1Hr.csv,104,2024,8784,16081,686,59311,1974,1136,59096,27,8206,142,8404,0,0,0,0
Raw_data_1Hr_2024_site_105_North_Campus_DU_Delhi_IMD_1Hr.csv,105,2024,8784,10433,526,59720,2487,1467,59517,74,8559,212,8451,0,0,0,0
Raw_data_1Hr_2024_site_106_IGI_Airport_(T3)_Delhi_IMD_1Hr.csv,106,2024,8784,9759,350,60891,1830,1233,60775,327,8650,23,8674,0,0,0,0
Raw_data_1Hr_2024_site_107_Pusa_Delhi_IMD_1Hr.csv,107,2024,8784,12482,516,60459,2822,1459,60238,98,8513,285,8586,0,0,0,0
Raw_data_1Hr_2024_site_108_Aya_Nagar_Delhi_IMD_1Hr.csv,108,2024,8784,10707,382,60403,1827,1188,60151,109,8572,439,8512,0,0,0,0
Raw_data_1Hr_2024_site_109_Lodhi_Road_Delhi_IMD_1Hr.csv,109,2024,8784,17087,687,60975,2384,1372,60804,25,8648,59,8587,0,0,0,0
Raw_data_1Hr_2024_site_113_Shadipur_Delhi_CPCB_1Hr.csv,113,2024,8784,8377,536,77087,2599,1923,76320,92,8663,12,8369,0,0,0,0
Raw_data_1Hr_2024_site_114_IHBAS_Dilshad_Garden_Delhi_CPCB_1Hr.csv,114,2024,8784,7941,698,76201,1087,841,75336,2,8444,6,8327,0,0,0,0
Raw_data_1Hr_2024_site_115_NSIT_Dwarka_Delhi_CPCB_1Hr.csv,115,2024,8784,9521,651,77621,2412,1644,76951,1,8702,16,8374,0,0,0,0
Raw_data_1Hr_2024_site_117_ITO_Delhi_CPCB_1Hr.csv,117,2024,8784,10071,664,76956,1609,1075,76324,16,8550,11,8335,0,0,0,0
Raw_data_1Hr_2024_site_118_DTU_Delhi_CPCB_1Hr.csv,118,2024,8784,12370,412,76525,2238,1292,76041,160,8467,5,8052,0,0,0,0
Raw_data_1Hr_2024_site_119_Sirifort_Delhi_CPCB_1Hr.csv,119,2024,8784,21552,1319,74185,2449,1516,73736,208,8306,10,6188,0,0,0,0
Raw_data_1Hr_2024_site_122_Mandir_Marg_Delhi_DPCC_1Hr.csv,122,2024,8784,8900,406,70114,671,550,68708,8,7963,3,7184,0,0,0,0
Raw_data_1Hr_2024_site_124_R_K_Puram_Delhi_DPCC_1Hr.csv,124,2024,8784,7332,422,76269,2280,1426,75613,3,8572,9,8173,0,0,0,0
Raw_data_1Hr_2024_site_125_Punjabi_Bagh_Delhi_DPCC_1Hr.csv,125,2024,8784,10530,494,76581,1936,1151,75980,2,8574,1,8489,0,0,0,0
Raw_data_1Hr_2024_site_1420_Ashok_Vihar_Delhi_DPCC_1Hr.csv,1420,2024,8784,9244,652,77554,2329,1381,76782,0,8667,0,8564,0,0,0,0
Raw_data_1Hr_2024_site_1421_Dr._Karni_Singh_Shooting_Range_Delhi_DPCC_1Hr.csv,1421,2024,8784,9040,570,77298,1463,1068,76179,0,8614,1,8556,0,0,0,0
Raw_data_1Hr_2024_site_1422_Dwarka-Sector_8_Delhi_DPCC__1Hr.csv,1422,2024,8784,9091,595,78279,2486,1545,78044,35,8584,1,8625,0,0,0,0
Raw_data_1Hr_2024_site_1423_Jahangirpuri_Delhi_DPCC_1Hr.csv,1423,2024,8784,9039,606,75645,2297,1422,75120,1,8372,0,8321,0,0,0,0
Raw_data_1Hr_2024_site_1424_Jawaharlal_Nehru_Stadium_Delhi_DPCC_1Hr.csv,1424,2024,8784,8202,397,77179,2172,1362,76615,0,8610,0,8547,0,0,0,0
Raw_data_1Hr_2024_site_1425_Major_Dhyan_Chand_National_Stadium_Delhi_DPCC_1Hr.csv,1425,2024,8784,8932,508,75640,2588,1631,74850,2,8516,1,8300,0,0,0,0
Raw_data_1Hr_2024_site_1426_Narela_Delhi_DPCC_1Hr.csv,1426,2024,8784,10271,498,77795,1961,1244,77395,1,8680,1,8588,0,0,0,0
Raw_data_1Hr_2024_site_1427_Najafgarh_Delhi_DPCC_1Hr.csv,1427,2024,8784,15416,790,75450,2086,1390,74896,2,8359,3,8225,0,0,0,0
Raw_data_1Hr_2024_site_1428_Okhla_Phase-2_Delhi_DPCC_1Hr.csv,1428,2024,8784,8198,557,77413,1951,1245,76986,3,8614,1,8579,0,0,0,0
Raw_data_1Hr_2024_site_1429_Nehru_Nagar_Delhi_DPCC_1Hr.csv,1429,2024,8784,9711,599,77778,2046,1332,77275,2,8722,2,8527,0,0,0,0
Raw_data_1Hr_2024_site_1430_Rohini_Delhi_DPCC_1Hr.csv,1430,2024,8784,9405,462,78069,3177,1814,77668,3,8715,1,8481,0,0,0,0
Raw_data_1Hr_2024_site_1431_Patparganj_Delhi_DPCC_1Hr.csv,1431,2024,8784,10945,630,77008,2283,1301,76539,3,8588,2,8572,0,0,0,0
Raw_data_1Hr_2024_site_1432_Sonia_Vihar_Delhi_DPCC_1Hr.csv,1432,2024,8784,10258,576,76051,2740,1435,75521,0,8535,1,8334,0,0,0,0
Raw_data_1Hr_2024_site_1434_Wazirpur_Delhi_DPCC_1Hr.csv,1434,2024,8784,8099,630,77120,1698,1184,76580,50,8676,0,8492,0,0,0,0
Raw_data_1Hr_2024_site_1435_Vivek_Vihar_Delhi_DPCC_1Hr.csv,1435,2024,8784,12274,637,76989,2532,1614,76457,12,8245,3,8369,0,0,0,0
Raw_data_1Hr_2024_site_1560_Bawana_Delhi_DPCC_1Hr.csv,1560,2024,8784,10984,554,77719,2021,1222,76847,2,8632,0,8530,0,0,0,0
Raw_data_1Hr_2024_site_1561_Mundka_Delhi_DPCC_1Hr.csv,1561,2024,8784,10726,537,76616,2616,1568,75808,1,8601,0,8264,0,0,0,0
Raw_data_1Hr_2024_site_1562_Sri_Aurobindo_Marg_Delhi_DPCC_1Hr.csv,1562,2024,8784,9654,473,77572,2408,1451,77176,0,8678,0,8596,0,0,0,0
Raw_data_1Hr_2024_site_1563_Pusa_Delhi_DPCC_1Hr.csv,1563,2024,8784,7717,629,76665,1728,1180,75999,59,8525,0,8456,0,0,0,0
Raw_data_1Hr_2024_site_301_Anand_Vihar_Delhi_DPCC_1Hr.csv,301,2024,8784,7522,416,66504,1498,1057,65169,125,7485,1,7067,0,0,0,0
Raw_data_1Hr_2024_site_5024_Alipur_Delhi_DPCC_1Hr.csv,5024,2024,8784,13574,890,76865,2030,1141,76202,0,8507,0,8502,0,0,0,0
Raw_data_1Hr_2024_site_5393_Chandni_Chowk_Delhi_IITM_1Hr.csv,5393,2024,8784,9160,472,52127,3371,2184,50527,223,5616,4,3394,0,0,0,0
Raw_data_1Hr_2024_site_5395_Lodhi_Road_Delhi_IITM_1Hr.csv,5395,2024,8784,5700,250,26339,910,558,25590,0,0,579,4802,0,0,0,0
Raw_data_1Hr_2025_site_103_CRRI_Mathura_Road_Delhi_IMD_1Hr.csv,103,2025,8760,7667,320,60014,1320,931,59682,31,8500,14,8422,0,0,0,0
Raw_data_1Hr_2025_site_104_Burari_Crossing_Delhi_IMD_1Hr.csv,104,2025,8760,9589,380,54179,1740,1117,53874,206,4895,58,8068,0,0,0,0
Raw_data_1Hr_2025_site_105_North_Campus_DU_Delhi_IMD_1Hr.csv,105,2025,8760,8584,496,60670,2599,1423,60466,1005,8672,28,8528,0,0,0,0
Raw_data_1Hr_2025_site_106_IGI_Airport_(T3)_Delhi_IMD_1Hr.csv,106,2025,8760,7146,288,50363,3073,1446,50247,1287,7591,16,7561,0,0,0,0
Raw_data_1Hr_2025_site_107_Pusa_Delhi_IMD_1Hr.csv,107,2025,8760,9384,382,59529,2805,1454,59307,0,8476,131,8465,0,0,0,0
Raw_data_1Hr_2025_site_108_Aya_Nagar_Delhi_IMD_1Hr.csv,108,2025,8760,10421,288,60069,1365,854,59733,9,8518,63,8388,0,0,0,0
Raw_data_1Hr_2025_site_109_Lodhi_Road_Delhi_IMD_1Hr.csv,109,2025,8760,9233,212,48582,1598,926,48400,114,6041,6,7026,0,0,0,0
Raw_data_1Hr_2025_site_113_Shadipur_Delhi_CPCB_1Hr.csv,113,2025,8760,9242,628,75262,2906,2229,74613,28,8474,6,7995,0,0,0,0
Raw_data_1Hr_2025_site_114_IHBAS_Dilshad_Garden_Delhi_CPCB_1Hr.csv,114,2025,8760,11408,884,74282,2030,1575,73287,2,8195,4,8036,0,0,0,0
Raw_data_1Hr_2025_site_115_NSIT_Dwarka_Delhi_CPCB_1Hr.csv,115,2025,8760,10979,844,77052,1981,1426,76388,1,8627,9,8136,0,0,0,0
Raw_data_1Hr_2025_site_117_ITO_Delhi_CPCB_1Hr.csv,117,2025,8760,11056,655,76926,1915,1145,76493,1,8651,7,8249,0,0,0,0
Raw_data_1Hr_2025_site_118_DTU_Delhi_CPCB_1Hr.csv,118,2025,8760,20413,995,76522,1851,1073,76116,127,8514,4,7747,0,0,0,0
Raw_data_1Hr_2025_site_119_Sirifort_Delhi_CPCB_1Hr.csv,119,2025,8760,29811,1776,77312,2631,1748,76981,13,8529,6,8451,0,0,0,0
Raw_data_1Hr_2025_site_122_Mandir_Marg_Delhi_DPCC_1Hr.csv,122,2025,8760,8635,292,74673,1205,813,73259,12,8247,0,7939,0,0,0,0
Raw_data_1Hr_2025_site_124_R_K_Puram_Delhi_DPCC_1Hr.csv,124,2025,8760,7901,454,76499,2145,1329,75747,4,8620,4,8153,0,0,0,0
Raw_data_1Hr_2025_site_125_Punjabi_Bagh_Delhi_DPCC_1Hr.csv,125,2025,8760,11494,557,72921,1943,1114,71950,4,8070,0,7919,0,0,0,0
Raw_data_1Hr_2025_site_1420_Ashok_Vihar_Delhi_DPCC_1Hr.csv,1420,2025,8760,8526,587,77134,1940,1070,76237,5,8626,0,8552,0,0,0,0
Raw_data_1Hr_2025_site_1421_Dr._Karni_Singh_Shooting_Range_Delhi_DPCC_1Hr.csv,1421,2025,8760,8896,372,77258,829,638,76966,0,8576,0,8385,0,0,0,0
Raw_data_1Hr_2025_site_1422_Dwarka-Sector_8_Delhi_DPCC__1Hr.csv,1422,2025,8760,7581,425,77675,1547,1106,77362,2,8680,0,8521,0,0,0,0
Raw_data_1Hr_2025_site_1423_Jahangirpuri_Delhi_DPCC_1Hr.csv,1423,2025,8760,9643,504,76299,1791,1183,75556,4,8554,0,8220,0,0,0,0
Raw_data_1Hr_2025_site_1424_Jawaharlal_Nehru_Stadium_Delhi_DPCC_1Hr.csv,1424,2025,8760,8311,362,76091,1713,1154,75503,1,8410,0,8359,0,0,0,0
Raw_data_1Hr_2025_site_1425_Major_Dhyan_Chand_National_Stadium_Delhi_DPCC_1Hr.csv,1425,2025,8760,9486,621,77142,2666,1556,76590,4,8684,0,8320,0,0,0,0
Raw_data_1Hr_2025_site_1426_Narela_Delhi_DPCC_1Hr.csv,1426,2025,8760,10617,421,77695,1738,1123,77442,1,8690,0,8659,0,0,0,0
Raw_data_1Hr_2025_site_1427_Najafgarh_Delhi_DPCC_1Hr.csv,1427,2025,8760,10430,440,76438,1315,922,75840,4,8595,0,8252,0,0,0,0
Raw_data_1Hr_2025_site_1428_Okhla_Phase-2_Delhi_DPCC_1Hr.csv,1428,2025,8760,8750,529,76548,2196,1303,76043,2,8469,0,8291,0,0,0,0
Raw_data_1Hr_2025_site_1429_Nehru_Nagar_Delhi_DPCC_1Hr.csv,1429,2025,8760,8679,432,77688,2112,1327,77109,0,8700,0,8540,0,0,0,0
Raw_data_1Hr_2025_site_1430_Rohini_Delhi_DPCC_1Hr.csv,1430,2025,8760,12280,639,78026,3064,1741,77740,0,8696,0,8541,0,0,0,0
Raw_data_1Hr_2025_site_1431_Patparganj_Delhi_DPCC_1Hr.csv,1431,2025,8760,12174,713,76364,3008,1516,75968,1,8407,0,8568,0,0,0,0
Raw_data_1Hr_2025_site_1432_Sonia_Vihar_Delhi_DPCC_1Hr.csv,1432,2025,8760,8342,534,75951,2330,1442,75375,0,8557,0,8322,0,0,0,0
Raw_data_1Hr_2025_site_1434_Wazirpur_Delhi_DPCC_1Hr.csv,1434,2025,8760,7201,377,77049,1309,915,76359,1,8625,0,8496,0,0,0,0
Raw_data_1Hr_2025_site_1435_Vivek_Vihar_Delhi_DPCC_1Hr.csv,1435,2025,8760,9075,488,75856,2713,1597,75290,3,8419,4,8370,0,0,0,0
Raw_data_1Hr_2025_site_1560_Bawana_Delhi_DPCC_1Hr.csv,1560,2025,8760,13202,743,77903,2220,1342,77513,0,8619,0,8533,0,0,0,0
Raw_data_1Hr_2025_site_1561_Mundka_Delhi_DPCC_1Hr.csv,1561,2025,8760,12438,553,76927,2328,1435,76332,5,8571,0,8393,0,0,0,0
Raw_data_1Hr_2025_site_1562_Sri_Aurobindo_Marg_Delhi_DPCC_1Hr.csv,1562,2025,8760,10415,487,76239,1428,991,75840,0,8492,1,8272,0,0,0,0
Raw_data_1Hr_2025_site_1563_Pusa_Delhi_DPCC_1Hr.csv,1563,2025,8760,8751,595,76232,1173,917,75542,14,8529,0,8433,0,0,0,0
Raw_data_1Hr_2025_site_301_Anand_Vihar_Delhi_DPCC_1Hr.csv,301,2025,8760,7553,371,73421,1432,1067,72052,67,8169,0,8041,0,0,0,0
Raw_data_1Hr_2025_site_5024_Alipur_Delhi_DPCC_1Hr.csv,5024,2025,8760,13957,1007,76779,2449,1317,76041,5,8635,0,8437,0,0,0,0
Raw_data_1Hr_2025_site_5393_Chandni_Chowk_Delhi_IITM_1Hr.csv,5393,2025,8760,8189,452,63547,2277,1422,61399,88,6868,10,7015,0,0,0,0
Raw_data_1Hr_2025_site_5395_Lodhi_Road_Delhi_IITM_1Hr.csv,5395,2025,8760,1044,72,30301,332,246,29743,0,0,8,7395,0,0,0,0
Raw_data_1Hr_2025_site_5852_New_Moti_Bagh_Delhi_MHUA_1Hr.csv,5852,2025,8760,14951,843,40183,846,514,40033,0,8498,0,0,0,0,0,0
Raw_data_1Hr_2025_site_6060_IIT_Delhi_Delhi_IITM_1Hr.csv,6060,2025,1464,833,38,4949,62,50,4918,0,680,0,729,0,0,0,0
Raw_data_1Hr_2025_site_6076_JNU_Delhi_DPCC_1Hr.csv,6076,2025,8760,0,0,0,0,0,0,0,0,0,0,0,0,0,0
Raw_data_1Hr_2025_site_6077_NSUT_Jaffarpur_Delhi_DPCC_1Hr.csv,6077,2025,8760,0,0,0,0,0,0,0,0,0,0,0,0,0,0
Raw_data_1Hr_2025_site_6078_Cantonment_Area_Delhi_DPCC__1Hr.csv,6078,2025,8760,0,0,0,0,0,0,0,0,0,0,0,0,0,0
Raw_data_1Hr_2025_site_6079_Commonwealth_Sports_Complex_Delhi_DPCC_1Hr.csv,6079,2025,8760,0,0,0,0,0,0,0,0,0,0,0,0,0,0
Raw_data_1Hr_2025_site_6080_IGNOU_Maidan_Garhi_Delhi_DPCC_1Hr.csv,6080,2025,8760,0,0,0,0,0,0,0,0,0,0,0,0,0,0
Raw_data_1Hr_2025_site_6081_Talkatora_Garden_Delhi_DPCC_1Hr.csv,6081,2025,8760,0,0,0,0,0,0,0,0,0,0,0,0,0,0
